<?xml version="1.0" encoding="UTF-8"?>
<applet-app xmlns="http://java.sun.com/xml/ns/javacard"
            xmlns:xsi="http://www.w3.org/2001/XMLSchema-instance"
            xsi:schemaLocation="http://java.sun.com/xml/ns/javacard http://java.sun.com/xml/ns/javacard/applet-app_3_0.xsd"
            version="3.0">
    <applet>
        <!-- The applet application deployment descriptor conveys APDU-based application
        model elements and configuration information of an application between application
        developers, application assemblers, and deployers. -->
        <display-name>EPurse</display-name>
        <applet-class>epurse.EPurse</applet-class>
        <applet-AID>//aid/425500332D/A3</applet-AID>
    </applet>
</applet-app>
